Workbook
Name ContractDate: Inputs!$C$6
Name PreOnboardingWeeks: Inputs!$C$7
Name Holidays: Holidays!$A$2:$A$201

Sheet Plan
B1: =Inputs!C4&" — Transition Plan"
B2: ="Client: "&Inputs!C5
B4: ◆ ALL PROCESSES LIVE BY | G4: =UPPER(Inputs!C18)&" ◆ GO-LIVE" | N4: =UPPER(Inputs!C19)&" ◆ GO-LIVE" | U4: =UPPER(Inputs!C20)&" ◆ GO-LIVE"
B5: =MAX($D$16,$D$24,$D$32) | G5: =D16 | N5: =D24 | U5: =D32
B6: =ROUND((B5-MIN($D$11,$D$19,$D$27))/7,0)&" weeks from contract signature" | G6: =ROUND((D16-D11)/7,0)&" wks from contract" | N6: =ROUND((D24-D19)/7,0)&" wks from contract" | U6: =ROUND((D32-D27)/7,0)&" wks from contract"
B8: Timeline: week commencing (Mon) | G8: =G9 | H8: =IF(MONTH(H9)<>MONTH(G9),H9,"") | I8: =IF(MONTH(I9)<>MONTH(H9),I9,"") | J8: =IF(MONTH(J9)<>MONTH(I9),J9,"") | K8: =IF(MONTH(K9)<>MONTH(J9),K9,"") | L8: =IF(MONTH(L9)<>MONTH(K9),L9,"") | M8: =IF(MONTH(M9)<>MONTH(L9),M9,"") | N8: =IF(MONTH(N9)<>MONTH(M9),N9,"") | O8: =IF(MONTH(O9)<>MONTH(N9),O9,"") | ... AP8: =IF(MONTH(AP9)<>MONTH(AO9),AP9,"")
B9: Process / Activity | C9: Weeks | D9: Start | E9: End | G9: =MIN(Inputs!$D$18,Inputs!$D$19,Inputs!$D$20)-WEEKDAY(MIN(Inputs!$D$18,Inputs!$D$19,Inputs!$D$20),3) | H9: =G9+7 | I9: =H9+7 | J9: =I9+7 | K9: =J9+7 | L9: =K9+7 | M9: =L9+7 | N9: =M9+7 | O9: =N9+7 | ... AP9: =AO9+7
B10: =Inputs!B18&" ("&Inputs!C18&")" | C10: =ROUND((E10-D10)/7,0) | D10: =D11 | E10: =D16
B11: ★ Contract Signed | D11: =Inputs!D18 | E11: =D11 | G11: =IF(AND($D11>=G$9,$D11<G$9+7),"★","") | H11: =IF(AND($D11>=H$9,$D11<H$9+7),"★","") | I11: =IF(AND($D11>=I$9,$D11<I$9+7),"★","") | J11: =IF(AND($D11>=J$9,$D11<J$9+7),"★","") | K11: =IF(AND($D11>=K$9,$D11<K$9+7),"★","") | L11: =IF(AND($D11>=L$9,$D11<L$9+7),"★","") | M11: =IF(AND($D11>=M$9,$D11<M$9+7),"★","") | N11: =IF(AND($D11>=N$9,$D11<N$9+7),"★","") | ... AP11: =IF(AND($D11>=AP$9,$D11<AP$9+7),"★","")
B12: Hiring | C12: =Inputs!E18 | D12: =WORKDAY(E11,1,Holidays) | E12: =WORKDAY(D12,C12*5-1,Holidays)
B13: Pre-Onboarding | C13: =Inputs!F18 | D13: =WORKDAY(E12,1,Holidays) | E13: =WORKDAY(D13,C13*5-1,Holidays)
B14: Knowledge Transfer | C14: =Inputs!G18 | D14: =WORKDAY(E13,1,Holidays) | E14: =WORKDAY(D14,C14*5-1,Holidays)
B15: Guided Production | C15: =Inputs!H18 | D15: =WORKDAY(E14,1,Holidays) | E15: =WORKDAY(D15,C15*5-1,Holidays)
B16: ◆ Go-Live | D16: =WORKDAY(E15,1,Holidays) | E16: =D16 | G16: =IF(AND($D16>=G$9,$D16<G$9+7),"◆","") | H16: =IF(AND($D16>=H$9,$D16<H$9+7),"◆","") | I16: =IF(AND($D16>=I$9,$D16<I$9+7),"◆","") | J16: =IF(AND($D16>=J$9,$D16<J$9+7),"◆","") | K16: =IF(AND($D16>=K$9,$D16<K$9+7),"◆","") | L16: =IF(AND($D16>=L$9,$D16<L$9+7),"◆","") | M16: =IF(AND($D16>=M$9,$D16<M$9+7),"◆","") | N16: =IF(AND($D16>=N$9,$D16<N$9+7),"◆","") | ... AP16: =IF(AND($D16>=AP$9,$D16<AP$9+7),"◆","")
B18: =Inputs!B19&" ("&Inputs!C19&")" | C18: =ROUND((E18-D18)/7,0) | D18: =D19 | E18: =D24
B19: ★ Contract Signed | D19: =Inputs!D19 | E19: =D19 | G19: =IF(AND($D19>=G$9,$D19<G$9+7),"★","") | H19: =IF(AND($D19>=H$9,$D19<H$9+7),"★","") | I19: =IF(AND($D19>=I$9,$D19<I$9+7),"★","") | J19: =IF(AND($D19>=J$9,$D19<J$9+7),"★","") | K19: =IF(AND($D19>=K$9,$D19<K$9+7),"★","") | L19: =IF(AND($D19>=L$9,$D19<L$9+7),"★","") | M19: =IF(AND($D19>=M$9,$D19<M$9+7),"★","") | N19: =IF(AND($D19>=N$9,$D19<N$9+7),"★","") | ... AP19: =IF(AND($D19>=AP$9,$D19<AP$9+7),"★","")
B20: Hiring | C20: =Inputs!E19 | D20: =WORKDAY(E19,1,Holidays) | E20: =WORKDAY(D20,C20*5-1,Holidays)
B21: Pre-Onboarding | C21: =Inputs!F19 | D21: =WORKDAY(E20,1,Holidays) | E21: =WORKDAY(D21,C21*5-1,Holidays)
B22: Knowledge Transfer | C22: =Inputs!G19 | D22: =WORKDAY(E21,1,Holidays) | E22: =WORKDAY(D22,C22*5-1,Holidays)
B23: Guided Production | C23: =Inputs!H19 | D23: =WORKDAY(E22,1,Holidays) | E23: =WORKDAY(D23,C23*5-1,Holidays)
B24: ◆ Go-Live | D24: =WORKDAY(E23,1,Holidays) | E24: =D24 | G24: =IF(AND($D24>=G$9,$D24<G$9+7),"◆","") | H24: =IF(AND($D24>=H$9,$D24<H$9+7),"◆","") | I24: =IF(AND($D24>=I$9,$D24<I$9+7),"◆","") | J24: =IF(AND($D24>=J$9,$D24<J$9+7),"◆","") | K24: =IF(AND($D24>=K$9,$D24<K$9+7),"◆","") | L24: =IF(AND($D24>=L$9,$D24<L$9+7),"◆","") | M24: =IF(AND($D24>=M$9,$D24<M$9+7),"◆","") | N24: =IF(AND($D24>=N$9,$D24<N$9+7),"◆","") | ... AP24: =IF(AND($D24>=AP$9,$D24<AP$9+7),"◆","")
B26: =Inputs!B20&" ("&Inputs!C20&")" | C26: =ROUND((E26-D26)/7,0) | D26: =D27 | E26: =D32
B27: ★ Contract Signed | D27: =Inputs!D20 | E27: =D27 | G27: =IF(AND($D27>=G$9,$D27<G$9+7),"★","") | H27: =IF(AND($D27>=H$9,$D27<H$9+7),"★","") | I27: =IF(AND($D27>=I$9,$D27<I$9+7),"★","") | J27: =IF(AND($D27>=J$9,$D27<J$9+7),"★","") | K27: =IF(AND($D27>=K$9,$D27<K$9+7),"★","") | L27: =IF(AND($D27>=L$9,$D27<L$9+7),"★","") | M27: =IF(AND($D27>=M$9,$D27<M$9+7),"★","") | N27: =IF(AND($D27>=N$9,$D27<N$9+7),"★","") | ... AP27: =IF(AND($D27>=AP$9,$D27<AP$9+7),"★","")
B28: Hiring | C28: =Inputs!E20 | D28: =WORKDAY(E27,1,Holidays) | E28: =WORKDAY(D28,C28*5-1,Holidays)
B29: Pre-Onboarding | C29: =Inputs!F20 | D29: =WORKDAY(E28,1,Holidays) | E29: =WORKDAY(D29,C29*5-1,Holidays)
B30: Knowledge Transfer | C30: =Inputs!G20 | D30: =WORKDAY(E29,1,Holidays) | E30: =WORKDAY(D30,C30*5-1,Holidays)
B31: Guided Production | C31: =Inputs!H20 | D31: =WORKDAY(E30,1,Holidays) | E31: =WORKDAY(D31,C31*5-1,Holidays)
B32: ◆ Go-Live | D32: =WORKDAY(E31,1,Holidays) | E32: =D32 | G32: =IF(AND($D32>=G$9,$D32<G$9+7),"◆","") | H32: =IF(AND($D32>=H$9,$D32<H$9+7),"◆","") | I32: =IF(AND($D32>=I$9,$D32<I$9+7),"◆","") | J32: =IF(AND($D32>=J$9,$D32<J$9+7),"◆","") | K32: =IF(AND($D32>=K$9,$D32<K$9+7),"◆","") | L32: =IF(AND($D32>=L$9,$D32<L$9+7),"◆","") | M32: =IF(AND($D32>=M$9,$D32<M$9+7),"◆","") | N32: =IF(AND($D32>=N$9,$D32<N$9+7),"◆","") | ... AP32: =IF(AND($D32>=AP$9,$D32<AP$9+7),"◆","")
B34: Legend | G34: ★ | H34: Contract Signed | N34: Hiring | R34: Pre-Onboarding | X34: Knowledge Transfer | AD34: Guided Production | AI34: ◆ | AJ34: Go-Live | AN34: Today
B35: Working days (Mon–Fri); 1 week = 5 working days. Edit dates & durations on the 'Inputs' sheet — this chart redraws automatically.

Sheet Inputs
B1: Plan Inputs
B2: Edit only the YELLOW cells (blue text). Every date on the 'Plan' sheet is a formula and updates automatically.
B4: Project name | C4: Finance Transition Program
B5: Client | C5: Acme Corp
B6: Contract signed date ★ | C6: 46314
B7: Pre-Onboarding (weeks) | C7: 2
B9: KT & Guided Production rules by vertical
B10: Vertical | C10: KT (weeks) | D10: Guided Prod. (weeks)
B11: P2P | C11: 4 | D11: 4
B12: OTC | C12: 4 | D12: 4
B13: RTR | C13: 8 | D13: 8
B14: Source: user rule — 4 weeks for P2P & OTC, 8 weeks for RTR.
B16: Processes
B17: Process | C17: Vertical | D17: Contract signed ★ | E17: Hiring (weeks) | F17: Pre-Onboarding (weeks) | G17: KT (weeks) | H17: Guided Prod. (weeks)
B18: Procure-to-Pay | C18: P2P | D18: =ContractDate | E18: 8 | F18: =PreOnboardingWeeks | G18: =INDEX($C$11:$C$13,MATCH(C18,$B$11:$B$13,0)) | H18: =INDEX($D$11:$D$13,MATCH(C18,$B$11:$B$13,0))
B19: Order-to-Cash | C19: OTC | D19: =ContractDate | E19: 8 | F19: =PreOnboardingWeeks | G19: =INDEX($C$11:$C$13,MATCH(C19,$B$11:$B$13,0)) | H19: =INDEX($D$11:$D$13,MATCH(C19,$B$11:$B$13,0))
B20: Record-to-Report | C20: RTR | D20: =ContractDate | E20: 10 | F20: =PreOnboardingWeeks | G20: =INDEX($C$11:$C$13,MATCH(C20,$B$11:$B$13,0)) | H20: =INDEX($D$11:$D$13,MATCH(C20,$B$11:$B$13,0))
B22: How dates are calculated (working days Mon–Fri, holidays on the 'Holidays' sheet are skipped):
B23: ★ Contract Signed — from the table above (defaults to the project contract date).
B24: Hiring — starts next working day after contract; 8–10 weeks standard.
B25: Pre-Onboarding — starts next working day after hiring ends; 2 weeks.
B26: Knowledge Transfer — after Pre-Onboarding; 4 weeks P2P/OTC, 8 weeks RTR.
B27: Guided Production — after KT; 4 weeks P2P/OTC, 8 weeks RTR.
B28: ◆ Go-Live — next working day after Guided Production ends.
B29: 1 week = 5 working days. Pre-Onboarding / KT / Guided Prod. columns in the process table are formulas — change the rules above instead.

Sheet Holidays
A1: Holiday date | B1: Description (optional) | D1: Add public / client holidays in column A. They are skipped by every plan date.
